search_batch_id	sample_category	pubmed_id
9416	Brain	28965411
9417	Brain	28965411
9413	Brain	28965411
9412	Brain	28965411
9415	Brain	28965411
9414	Brain	28965411
9411	Cancer Cell Lines, Other Anatomical Entities	28126900
9410	Non Cancer Cell Lines	28126900
9409	Cancer Cell Lines, Digestive System	28126900
9408	Cancer Cell Lines, Other Male Reproductive Organ	28126900
9407	Cancer Cell Lines, Blood	28126900
9406	Cancer Cell Lines, Blood	28126900
9405	Cancer Cell Lines, Liver	28126900
9404	Non Cancer Cell Lines	28126900
9403	Cancer Cell Lines, Brain	28126900
9402	Cancer Cell Lines, Other Anatomical Entities	28126900
9401	Placenta	
9400	Cancer Cell Lines, Blood	
9399	Cancer Cell Lines, Other Female Reproductive Organ	
9398	Cancer Cell Lines, Other Female Reproductive Organ	28126900
9397	Cancer, Digestive System	26657352
9396	Cancer, Digestive System	26657352
9395	Cancer, Digestive System	26657352
9394	Cerebrospinal Fluid	30124047
9393	Cancer Cell Lines, Other Female Reproductive Organ	
9392	Other Anatomical Entities	23510160
9391	Cancer Cell Lines, Breast	29191878
9385	Cancer Cell Lines, Other Anatomical Entities	29191878
9384	Cancer Cell Lines, Other Anatomical Entities	29191878
9383	Cancer Cell Lines, Other Anatomical Entities	29191878
9382	Cancer Cell Lines, Other Anatomical Entities	29191878
9381	Cancer Cell Lines, Other Anatomical Entities	29191878
9380	Cancer Cell Lines, Other Anatomical Entities	29191878
9379	Cancer Cell Lines, Other Anatomical Entities	29191878
9390	Lung	29191878
9389	Cancer, Lung	29191878
9388	Cancer Cell Lines, Brain	29191878
9387	Cancer Cell Lines, Blood	29191878
9386	Cancer Cell Lines, Digestive System	29191878
9378	Heart	29133944
9377	Heart	29133944
9369	Heart	29133944
9373	Heart	29133944
9371	Heart	29133944
9370	Heart	29133944
9362	Heart	29133944
9374	Heart	29133944
9372	Heart	29133944
9366	Heart	29133944
9365	Heart	29133944
9364	Heart	29133944
9363	Heart	29133944
9361	Heart	29133944
9368	Heart	29133944
9376	Heart	29133944
9375	Heart	29133944
9360	Heart	29133944
9367	Heart	29133944
9359	Cancer Cell Lines, Blood	25850434
9358	Cancer, Other Anatomical Entities	27869121
9357	Cancer, Other Anatomical Entities	27869121
9356	Cancer, Other Anatomical Entities	27869121
9355	Cancer, Other Anatomical Entities	27869121
9354	Cancer, Other Anatomical Entities	27869121
9353	Cancer Cell Lines, Other Female Reproductive Organ	26388441
9352	Cancer Cell Lines, Other Female Reproductive Organ	26388441
9351	Cancer Cell Lines, Other Female Reproductive Organ	26388441
9350	Cancer Cell Lines, Other Female Reproductive Organ	26388441
9349	Cancer Cell Lines, Other Female Reproductive Organ	26388441
9348	Cancer Cell Lines, Other Female Reproductive Organ	26388441
9347	Eye	28186866
9346	Liver	28767254
9343	Cancer Cell Lines, Blood	24190977
9342	Cerebrospinal Fluid	25775479
9341	Liver	
9340	Cancer Cell Lines, Pancreas	29358341
9339	Cancer Cell Lines, Other Anatomical Entities	29445034
9337	Cancer Cell Lines, Lung	28290473
9338	Cancer Cell Lines, Lung	28290473
9336	Blood Cells	27535140
9335	Blood Cells	27535140
9334	Blood Cells	27535140
9333	Blood Plasma	29650987
9332	Cancer Cell Lines, Other Female Reproductive Organ	
9331	Cancer Cell Lines, Other Female Reproductive Organ	27737933
9330	Cancer Cell Lines, Other Female Reproductive Organ	
9329	Cancer Cell Lines, Other Female Reproductive Organ	27425180
9328	Cancer Cell Lines, Other Female Reproductive Organ	27425180
9327	Cancer Cell Lines, Breast	27425180
9326	Cancer Cell Lines, Breast	27425180
9325	Blood Plasma	29695160
9324	Cerebrospinal Fluid	29695160
9321	Testis	30280576
9322	Testis	30280576
9323	Testis	30280576
9320	Olfactory	30113170
9319	Other Anatomical Entities	27102203
9318	Blood Plasma	27102203
9316	Cancer Cell Lines, Other Anatomical Entities	28112733
9317	Cancer Cell Lines, Other Female Reproductive Organ	28112733
9315	Placenta	26947931
9314	Cancer, Pancreas	30172883
9313	Non Cancer Cell Lines	30203655
9312	Non Cancer Cell Lines	30203655
9311	Non Cancer Cell Lines	30203655
9310	Testis	30277781
9309	Testis	30277781
9308	Other Anatomical Entities	29035686
9307	Cancer Cell Lines, Brain	30190555
9306	Cancer Cell Lines, Other Anatomical Entities	30284448
9305	Cancer Cell Lines, Brain	30284448
9304	Cancer Cell Lines, Liver	30284448
9303	Cancer, Other Female Reproductive Organ	30284448
9302	Non Cancer Cell Lines	30284448
9301	Non Cancer Cell Lines	26857143
9300	Cancer Cell Lines, Blood	28404994
9299	Blood Cells	28404994
9294	Non Cancer Cell Lines	25576301
9298	Blood Cells	25576301
9297	Cancer Cell Lines, Digestive System	25576301
9296	Cancer Cell Lines, Breast	25576301
9295	Cancer Cell Lines, Breast	25576301
9293	Non Cancer Cell Lines	25576301
9292	Placenta	
9291	Cancer Cell Lines, Blood	
9290	Cancer Cell Lines, Other Female Reproductive Organ	
9289	Cancer Cell Lines, Blood	28433889
9287	Blood Cells	
9288	Blood Cells	
9239	Sperm	28891297
9238	Cancer, Liver	28960076
9237	Cancer, Kidney	28960076
9236	Cancer, Digestive System	28960076
9235	Cancer, Urinary Bladder	28960076
9228	Non Cancer Cell Lines	27025457
9227	Non Cancer Cell Lines	27025457
9226	Non Cancer Cell Lines	27025457
9225	Non Cancer Cell Lines	27025457
9224	Non Cancer Cell Lines	27025457
9223	Non Cancer Cell Lines	27025457
9230	Non Cancer Cell Lines	27025457
9229	Non Cancer Cell Lines	27025457
9234	Non Cancer Cell Lines	27025457
9233	Non Cancer Cell Lines	27025457
9232	Non Cancer Cell Lines	27025457
9231	Non Cancer Cell Lines	27025457
9216	Lung	24702127
9217	Lung	24702127
9214	Lung	24702127
9215	Lung	24702127
9211	Other Anatomical Entities	26132440
9212	Other Anatomical Entities	26132440
9210	Other Anatomical Entities	26132440
9209	Other Anatomical Entities	26132440
9213	Other Anatomical Entities	26132440
9206	Cancer Cell Lines, Brain	23933261
9205	Cancer Cell Lines, Ovary	23933261
9204	Cancer Cell Lines, Kidney	23933261
9203	Cancer Cell Lines, Other Male Reproductive Organ	23933261
9207	Cancer Cell Lines, Lung	23933261
9202	Cancer Cell Lines, Breast	23933261
9201	Cancer Cell Lines, Other Anatomical Entities	23933261
9200	Cancer Cell Lines, Digestive System	23933261
9208	Cancer Cell Lines, Blood	23933261
9199	Lung	27799870
9198	Cancer, Lung	27799870
9197	Cancer, Kidney	28857561
9196	Cancer, Kidney	28857561
9195	Testis	28959888
9194	Testis	28959888
9192	Testis	28959888
9189	Cancer Cell Lines, Other Female Reproductive Organ	28112733
9190	Cancer Cell Lines, Other Anatomical Entities	28112733
9188	Cancer, Liver	28248240
9187	Cancer Cell Lines, Brain	28087597
9186	Cancer Cell Lines, Brain	28087597
9185	Non Cancer Cell Lines	27852650
9184	Brain	26631761
9183	Brain	28687556
9181	Blood Plasma	28263321
9182	Blood Cells	28263321
9179	Blood Cells	28263321
9180	Blood Cells	28263321
9178	Blood Cells	28263321
9177	Blood Cells	28263321
9176	Blood Cells	28263321
9175	Blood Cells	28263321
9166	Blood Cells	28263321
9174	Blood Cells	28263321
9173	Blood Cells	28263321
9165	Blood Cells	28263321
9163	Blood Cells	28263321
9162	Blood Cells	28263321
9161	Blood Cells	28263321
9169	Blood Cells	28263321
9172	Blood Cells	28263321
9164	Blood Cells	28263321
9160	Blood Cells	28263321
9168	Blood Cells	28263321
9167	Blood Cells	28263321
9159	Blood Cells	28263321
9157	Blood Cells	28263321
9158	Blood Cells	28263321
9156	Blood Cells	28263321
9155	Blood Cells	28263321
9153	Blood Cells	28263321
9154	Blood Cells	28263321
9152	Blood Cells	28263321
9151	Blood Cells	28263321
9150	Blood Cells	28263321
9147	Blood Cells	28263321
9149	Blood Cells	28263321
9148	Blood Cells	28263321
9146	Blood Cells	28263321
9145	Blood Cells	28263321
9143	Blood Cells	28263321
9138	Blood Cells	28263321
9139	Blood Cells	28263321
9137	Blood Cells	28263321
9141	Blood Cells	28263321
9140	Blood Cells	28263321
9142	Blood Cells	28263321
9144	Blood Cells	28263321
9136	Blood Cells	28263321
9135	Blood Cells	28263321
9132	Cancer Cell Lines, Brain	25225357
9134	Cancer Cell Lines, Other Female Reproductive Organ	25225357
9133	Blood Plasma	25225357
9131	Cancer Cell Lines, Other Male Reproductive Organ	25225357
9130	Cancer Cell Lines, Liver	25225357
9129	Cancer Cell Lines, Lung	25225357
9128	Cancer, Digestive System	27976366
9127	Cancer, Digestive System	27976366
9123	Blood Cells	27626665
9125	Blood Cells	27626665
9124	Blood Cells	27626665
9126	Blood Cells	27626665
9122	Other Anatomical Entities	26655833
9121	Brain	27067185
9120	Brain	26923401
9118	Other Anatomical Entities	27601599
9117	Other Anatomical Entities	27601599
9119	Other Anatomical Entities	27601599
9116	Blood Cells	27329341
9115	Ureter	26442468
9114	Blood Cells	27723984
9112	Olfactory	28816642
9113	Olfactory	28816642
9111	Thyroid Gland	28678506
9109	Pituitary Gland	28678506
9110	Thyroid Gland	28678506
9108	Pituitary Gland	28678506
9107	Cancer Cell Lines, Other Female Reproductive Organ	28234478
9106	Cancer Cell Lines, Other Female Reproductive Organ	28234478
9222	Blood Plasma	25624350
9218	Blood Plasma	25624350
9219	Blood Plasma	25624350
9221	Blood Plasma	25624350
9220	Blood Plasma	25624350
9046	Blood Plasma	28007936
9062	Blood Plasma	28007936
9061	Blood Plasma	28007936
9060	Blood Plasma	28007936
9059	Blood Plasma	28007936
9058	Blood Plasma	28007936
9057	Blood Plasma	28007936
9056	Blood Plasma	28007936
9055	Blood Plasma	28007936
9054	Blood Plasma	28007936
9053	Blood Plasma	28007936
9052	Blood Plasma	28007936
9051	Blood Plasma	28007936
9050	Blood Plasma	28007936
9049	Blood Plasma	28007936
9048	Blood Plasma	28007936
9047	Blood Plasma	28007936
9045	Blood Plasma	
9044	Blood Plasma	
9043	Blood Plasma	
9042	Blood Plasma	25850434
9040	Blood Plasma	26444829
9041	Blood Plasma	26444829
9039	Blood Plasma	25686879
9037	Blood Plasma	23991666
9038	Blood Plasma	23991666
9036	Blood Plasma	23991666
9035	Blood Plasma	25686879
9033	Blood Plasma	27234505
9034	Blood Plasma	27234505
9032	Blood Plasma	28223350
9030	Blood Plasma	27738094
9029	Blood Plasma	27738094
9027	Blood Plasma	27738094
9026	Blood Plasma	27738094
9031	Blood Plasma	27738094
9028	Blood Plasma	27738094
8525	Non Cancer Cell Lines	23756949
8522	Non Cancer Cell Lines	23756949
8931	Sperm	27444420
8932	Sperm	27444420
8930	Sperm	27444420
8929	Sperm	27444420
8928	Sperm	27444420
8926	Cancer, Digestive System	24687888
8927	Cancer, Digestive System	24687888
8925	Cancer, Digestive System	24687888
8924	Cancer, Digestive System	24687888
8922	Cancer, Digestive System	24687888
8923	Cancer, Digestive System	24687888
8921	Cancer, Digestive System	24687888
8920	Cancer, Digestive System	24687888
8918	Cancer, Digestive System	24687888
8919	Cancer, Digestive System	24687888
8917	Cancer, Digestive System	24687888
8916	Cancer, Digestive System	24687888
8915	Cancer Cell Lines, Urinary Bladder	27554326
8914	Cancer, Other Male Reproductive Organ	27499020
8913	Blood Cells	27486199
8912	Cancer Cell Lines, Liver	27470094
8911	Cancer Cell Lines, Breast	23770244
8910	Other Anatomical Entities	26437602
8908	Eye	24990792
8909	Eye	24990792
8907	Eye	24990792
8906	Digestive System	24889196
8905	Cancer Cell Lines, Other Male Reproductive Organ	25219547
8904	Brain	26892330
8903	Brain	26892330
8900	Oocyte	27215607
8897	Oocyte	27215607
8901	Oocyte	27215607
8902	Oocyte	27215607
8899	Oocyte	27215607
8898	Oocyte	27215607
8895	Cancer Cell Lines, Digestive System	27470641
8896	Cancer Cell Lines, Digestive System	27470641
8894	Cancer Cell Lines, Digestive System	27470641
8893	Testis	27535590
8891	Testis	27535590
8892	Testis	27535590
8890	Testis	27535590
8889	Testis	27535590
8888	Testis	27535590
8887	Brain	26549206
8886	Cancer Cell Lines, Breast	27485413
8885	Cancer Cell Lines, Breast	27485413
8884	Cancer Cell Lines, Breast	27485413
8883	Cancer Cell Lines, Breast	27485413
8882	Cancer Cell Lines, Ovary	27569743
8704	Cancer Cell Lines, Lung	26202522
8713	Cancer Cell Lines, Lung	26202522
8712	Cancer Cell Lines, Lung	26202522
8711	Cancer Cell Lines, Lung	26202522
8710	Cancer Cell Lines, Lung	26202522
8709	Cancer Cell Lines, Lung	26202522
8708	Cancer Cell Lines, Lung	26202522
8707	Cancer Cell Lines, Lung	26202522
8706	Cancer Cell Lines, Lung	26202522
8705	Cancer Cell Lines, Lung	26202522
8703	Non Cancer Cell Lines	24501219
9728	Cancer Cell Lines, Other Anatomical Entities	25977788
9727	Cancer Cell Lines, Other Anatomical Entities	25977788
9726	Cancer Cell Lines, Blood	25977788
9725	Blood Cells	25977788
9724	Blood Plasma	25977788
9723	Blood Cells	25977788
9722	Cancer Cell Lines, Other Anatomical Entities	25977788
9721	Cancer Cell Lines, Other Anatomical Entities	25977788
9720	Other Anatomical Entities	25977788
9719	Blood Cells	25977788
9718	Lung	25977788
9717	Cancer Cell Lines, Other Male Reproductive Organ	25977788
9716	Digestive System	25977788
9715	Kidney	25977788
9714	Kidney	25977788
9713	Cancer Cell Lines, Other Female Reproductive Organ	25977788
9712	Non Cancer Cell Lines	25977788
9711	Non Cancer Cell Lines	25977788
9709	Non Cancer Cell Lines	25977788
9708	Non Cancer Cell Lines	25977788
9710	Non Cancer Cell Lines	25977788
9707	Cancer Cell Lines, Breast	25977788
9784	Cancer Cell Lines, Kidney	23933261
9757	Cancer Cell Lines, Digestive System	23933261
9756	Cancer Cell Lines, Lung	23933261
9786	Cancer Cell Lines, Kidney	23933261
9783	Cancer Cell Lines, Other Anatomical Entities	23933261
9742	Cancer Cell Lines, Lung	23933261
9788	Cancer Cell Lines, Kidney	23933261
9776	Cancer Cell Lines, Kidney	23933261
9754	Cancer Cell Lines, Lung	23933261
9774	Cancer Cell Lines, Kidney	23933261
9785	Cancer Cell Lines, Other Anatomical Entities	23933261
9762	Cancer Cell Lines, Ovary	23933261
9758	Cancer Cell Lines, Ovary	23933261
9778	Cancer Cell Lines, Kidney	23933261
9780	Cancer Cell Lines, Kidney	23933261
9734	Cancer Cell Lines, Other Anatomical Entities	23933261
9736	Cancer Cell Lines, Other Anatomical Entities	23933261
9730	Cancer Cell Lines, Other Anatomical Entities	23933261
9787	Cancer Cell Lines, Other Anatomical Entities	23933261
9770	Cancer Cell Lines, Other Male Reproductive Organ	23933261
9750	Cancer Cell Lines, Lung	23933261
9768	Cancer Cell Lines, Ovary	23933261
9782	Cancer Cell Lines, Kidney	23933261
9766	Cancer Cell Lines, Ovary	23933261
9760	Cancer Cell Lines, Ovary	23933261
9746	Cancer Cell Lines, Lung	23933261
9764	Cancer Cell Lines, Ovary	23933261
9732	Cancer Cell Lines, Other Anatomical Entities	23933261
9744	Cancer Cell Lines, Lung	23933261
9752	Cancer Cell Lines, Lung	23933261
9740	Cancer Cell Lines, Lung	23933261
9748	Cancer Cell Lines, Lung	23933261
9738	Cancer Cell Lines, Other Anatomical Entities	23933261
9772	Cancer Cell Lines, Other Male Reproductive Organ	23933261
9781	Cancer Cell Lines, Blood	23933261
9779	Cancer Cell Lines, Blood	23933261
9777	Cancer Cell Lines, Blood	23933261
9775	Cancer Cell Lines, Blood	23933261
9773	Cancer Cell Lines, Blood	23933261
9771	Cancer Cell Lines, Blood	23933261
9769	Cancer, Other Anatomical Entities	23933261
9767	Cancer Cell Lines, Digestive System	23933261
9765	Cancer Cell Lines, Digestive System	23933261
9763	Cancer Cell Lines, Digestive System	23933261
9761	Cancer Cell Lines, Digestive System	23933261
9759	Cancer Cell Lines, Digestive System	23933261
9755	Cancer Cell Lines, Digestive System	23933261
9753	Cancer Cell Lines, Brain	23933261
9751	Cancer Cell Lines, Brain	23933261
9749	Cancer Cell Lines, Brain	23933261
9747	Cancer Cell Lines, Brain	23933261
9745	Cancer Cell Lines, Brain	23933261
9743	Cancer Cell Lines, Brain	23933261
9741	Cancer Cell Lines, Breast	23933261
9739	Cancer Cell Lines, Other Anatomical Entities	23933261
9737	Cancer Cell Lines, Breast	23933261
9733	Cancer Cell Lines, Breast	23933261
9735	Cancer Cell Lines, Breast	23933261
9731	Cancer Cell Lines, Breast	23933261
9729	Cancer Cell Lines, Breast	23933261
9809	Blood Plasma	26144840
9808	Blood Plasma	26144840
9807	Blood Plasma	26144840
9802	Blood Plasma	26144840
9798	Blood Plasma	26144840
9801	Blood Plasma	26144840
9800	Blood Plasma	26144840
9799	Blood Plasma	26144840
9806	Blood Plasma	26144840
9805	Blood Plasma	26144840
9804	Blood Plasma	26144840
9803	Blood Plasma	26144840
9837	Blood Plasma	26108252
9836	Blood Plasma	26108252
9834	Blood Plasma	26108252
9835	Blood Plasma	26108252
9833	Blood Plasma	26108252
9832	Blood Plasma	26108252
9831	Blood Plasma	26108252
9830	Blood Plasma	26108252
9829	Blood Plasma	26108252
9828	Blood Plasma	26108252
9827	Blood Plasma	26108252
8598	Other Anatomical Entities	26258467
8596	Testis	26282447
8597	Testis	26282447
8595	Cancer Cell Lines, Blood	26216070
8594	Cancer Cell Lines, Blood	26216070
8593	Cancer Cell Lines, Blood	26216070
8592	Cancer Cell Lines, Blood	26216070
8591	Sperm	26168773
8589	Cancer Cell Lines, Other Female Reproductive Organ	18083107
8590	Cancer Cell Lines, Other Female Reproductive Organ	16964243
8588	Cancer, Lung	24313913
8587	Cancer Cell Lines, Blood	24313913
8586	Non Cancer Cell Lines	19413330
8585	Non Cancer Cell Lines	19413330
8584	Non Cancer Cell Lines	19413330
8583	Non Cancer Cell Lines	19413330
8581	Blood Plasma	25724909
8582	Blood Plasma	25724909
8580	Blood Plasma	25724909
8579	Blood Plasma	25724909
8578	Blood Plasma	25724909
8577	Blood Plasma	25724909
8576	Blood Plasma	25724909
8575	Blood Plasma	25724909
8574	Blood Plasma	25724909
8573	Blood Plasma	25724909
8572	Cancer, Ovary	21720365
8570	Non Cancer Cell Lines	22199227
8571	Non Cancer Cell Lines	22199227
8569	Cancer Cell Lines, Other Female Reproductive Organ	22468782
8568	Cancer Cell Lines, Other Female Reproductive Organ	22468782
8567	Cancer Cell Lines, Other Female Reproductive Organ	20068231
8566	Non Cancer Cell Lines	21406692
8562	Non Cancer Cell Lines	21406692
8564	Non Cancer Cell Lines	21406692
8563	Non Cancer Cell Lines	21406692
8565	Non Cancer Cell Lines	21406692
8561	Non Cancer Cell Lines	21406692
8560	Non Cancer Cell Lines	21406692
8559	Non Cancer Cell Lines	21406692
8557	Cancer Cell Lines, Other Female Reproductive Organ	25159151
8556	Cancer Cell Lines, Other Female Reproductive Organ	25159151
8558	Cancer Cell Lines, Other Female Reproductive Organ	25159151
8554	Cancer Cell Lines, Other Female Reproductive Organ	25159151
8555	Cancer Cell Lines, Other Female Reproductive Organ	25159151
8553	Cancer Cell Lines, Other Female Reproductive Organ	25159151
8552	Cancer Cell Lines, Other Female Reproductive Organ	25159151
8550	Brain	25307156
8548	Cancer Cell Lines, Blood	26074081
8547	Cancer Cell Lines, Blood	26074081
8545	Cancer Cell Lines, Blood	26074081
8546	Cancer Cell Lines, Blood	26074081
8551	Cancer Cell Lines, Blood	26074081
8544	Cancer Cell Lines, Blood	26074081
8542	Cancer Cell Lines, Blood	26074081
8543	Cancer Cell Lines, Blood	26074081
8541	Cancer Cell Lines, Blood	26074081
8540	Cancer Cell Lines, Blood	26074081
8539	Cancer Cell Lines, Other Female Reproductive Organ	26055452
8538	Cancer Cell Lines, Other Female Reproductive Organ	26055452
8535	Cancer Cell Lines, Blood	23186163
8529	Cancer Cell Lines, Blood	23186163
8534	Cancer Cell Lines, Blood	23186163
8528	Cancer Cell Lines, Blood	23186163
8533	Cancer Cell Lines, Blood	23186163
8532	Cancer Cell Lines, Blood	23186163
8536	Cancer Cell Lines, Other Female Reproductive Organ	23186163
8531	Cancer Cell Lines, Other Female Reproductive Organ	23186163
8527	Cancer Cell Lines, Other Female Reproductive Organ	23186163
8526	Cancer Cell Lines, Other Female Reproductive Organ	23186163
8530	Cancer Cell Lines, Other Female Reproductive Organ	23186163
8537	Cancer Cell Lines, Other Female Reproductive Organ	23186163
8524	Non Cancer Cell Lines	23756949
8523	Non Cancer Cell Lines	23756949
8521	Blood Cells	24400094
8519	Blood Cells	24400094
8520	Blood Cells	24400094
8518	Blood Cells	24400094
8517	Cancer Cell Lines, Blood	
8516	Cancer Cell Lines, Blood	24667141
8515	Cancer, Digestive System	23312004
8514	Cancer, Digestive System	23312004
8512	Cancer Cell Lines, Digestive System	23312004
8513	Cancer Cell Lines, Digestive System	23312004
8510	Cancer Cell Lines, Digestive System	23312004
8511	Cancer Cell Lines, Digestive System	23312004
8509	Cancer, Digestive System	23312004
8508	Cancer, Digestive System	23312004
8375	Blood Plasma	23082986
8374	Blood Plasma	23082986
8372	Blood Plasma	23082986
8373	Blood Plasma	23082986
8371	Blood Plasma	23082986
8370	Blood Plasma	23082986
8367	Brain	24076635
8366	Brain	24076635
8365	Brain	22942359
8364	Brain	24905578
8363	Brain	24449343
8362	Cancer, Brain	25325876
8361	Brain	24023061
8360	Brain	24274931
8359	Brain	24274931
8358	Eye	25407473
8357	Blood Plasma	25333471
8495	Cancer Cell Lines, Other Female Reproductive Organ	24850871
8494	Cancer Cell Lines, Other Female Reproductive Organ	24850871
8493	Cancer Cell Lines, Blood	24850871
8497	Cancer Cell Lines, Blood	24850871
9789	Cancer, Ovary	21720365
9792	Cancer, Ovary	21720365
9791	Cancer, Ovary	21720365
8503	Cancer, Ovary	21720365
8341	Cancer Cell Lines, Liver	24256510
8340	Cancer Cell Lines, Liver	24256510
8339	Cancer Cell Lines, Liver	24256510
7992	Cerebrospinal Fluid	24769233
7991	Cerebrospinal Fluid	23300121
7990	Blood Plasma	23300121
7989	Blood Plasma	25038066
7988	Blood Plasma	25038066
7987	Cerebrospinal Fluid	25038066
7986	Cerebrospinal Fluid	25038066
7985	Cerebrospinal Fluid	25038066
7984	Cerebrospinal Fluid	25038066
7983	Cerebrospinal Fluid	25038066
9569	Non Cancer Cell Lines	24870543
9568	Non Cancer Cell Lines	24870543
9570	Non Cancer Cell Lines	24870543
9563	Blood Cells	24870543
9562	Placenta	24870543
9561	Placenta	24870543
9559	Placenta	24870543
8491	Cancer Cell Lines, Breast	24870543
9551	Cancer Cell Lines, Breast	24870543
9550	Cancer Cell Lines, Breast	24870543
9543	Non Cancer Cell Lines	24870543
9534	Blood Cells	24870543
8492	Cancer Cell Lines, Other Anatomical Entities	24870543
9536	Brain	24870543
9533	Other Anatomical Entities	24870543
9588	Other Female Reproductive Organ	24870543
9535	Digestive System	24870543
9538	Digestive System	24870543
9587	Other Female Reproductive Organ	24870543
9586	Other Female Reproductive Organ	24870543
9585	Other Anatomical Entities	24870543
9580	Testis	24870543
9579	Testis	24870543
9575	Spleen	24870543
9574	Other Anatomical Entities	24870543
9571	Other Anatomical Entities	24870543
9567	Digestive System	24870543
9564	Other Male Reproductive Organ	24870543
9566	Other Male Reproductive Organ	24870543
9565	Other Male Reproductive Organ	24870543
9555	Ovary	24870543
9556	Ovary	24870543
9554	Digestive System	24870543
9553	Other Respiratory Organ	24870543
9552	Other Anatomical Entities	24870543
9549	Other Anatomical Entities	24870543
9584	Other Anatomical Entities	24870543
9583	Thyroid Gland	24870543
9582	Testis	24870543
9581	Testis	24870543
9578	Digestive System	24870543
9577	Spleen	24870543
9576	Spleen	24870543
9573	Other Male Reproductive Organ	24870543
9572	Other Anatomical Entities	24870543
9560	Placenta	24870543
9558	Pancreas	24870543
9557	Ovary	24870543
9548	Lung	24870543
9545	Liver	24870543
9547	Liver	24870543
9546	Liver	24870543
9544	Kidney	24870543
9542	Other Anatomical Entities	24870543
9541	Digestive System	24870543
9540	Digestive System	24870543
9537	Other Female Reproductive Organ	24870543
9539	Other Anatomical Entities	24870543
9532	Adrenal Gland	24870543
9797	Non Cancer Cell Lines	24696503
9796	Non Cancer Cell Lines	24696503
9795	Non Cancer Cell Lines	24696503
9794	Non Cancer Cell Lines	24696503
9793	Non Cancer Cell Lines	24696503
9704	Cancer Cell Lines, Other Female Reproductive Organ	24696503
9703	Cancer Cell Lines, Other Female Reproductive Organ	24696503
9702	Cancer Cell Lines, Other Female Reproductive Organ	24696503
9706	Cancer Cell Lines, Other Female Reproductive Organ	24696503
9705	Cancer Cell Lines, Other Female Reproductive Organ	24696503
9700	Cancer Cell Lines, Other Female Reproductive Organ	24696503
9701	Cancer Cell Lines, Other Female Reproductive Organ	24696503
9699	Cancer Cell Lines, Other Female Reproductive Organ	24696503
9698	Cancer Cell Lines, Other Female Reproductive Organ	24696503
9697	Cancer Cell Lines, Other Female Reproductive Organ	24696503
9696	Cancer Cell Lines, Other Female Reproductive Organ	24696503
9695	Cancer Cell Lines, Other Female Reproductive Organ	24696503
9694	Cancer Cell Lines, Other Female Reproductive Organ	24696503
9693	Cancer Cell Lines, Other Female Reproductive Organ	24696503
9692	Cancer Cell Lines, Other Female Reproductive Organ	24696503
9691	Cancer Cell Lines, Other Female Reproductive Organ	24696503
9690	Cancer Cell Lines, Other Female Reproductive Organ	24696503
9689	Cancer Cell Lines, Other Female Reproductive Organ	24696503
9530	Testis	24669763
9528	Placenta	24669763
9525	Ovary	24669763
9523	Liver	24669763
9521	Heart	24669763
9519	Digestive System	24669763
9517	Brain	24669763
9516	Urinary Bladder	24669763
9515	Urinary Bladder	24669763
9514	Testis	24669763
9513	Testis	24669763
9512	Other Anatomical Entities	24669763
9511	Other Anatomical Entities	24669763
9509	Eye	24669763
9508	Eye	24669763
9507	Digestive System	24669763
9506	Digestive System	24669763
9505	Other Male Reproductive Organ	24669763
9504	Other Male Reproductive Organ	24669763
9502	Blood Cells	24669763
9500	Pancreas	24669763
9499	Pancreas	24669763
9498	Ovary	24669763
9497	Ovary	24669763
9495	Blood Cells	24669763
9493	Blood Cells	24669763
9490	Blood Cells	24669763
9488	Lung	24669763
9485	Liver	24669763
9483	Liver	24669763
9481	Kidney	24669763
9478	Heart	24669763
9476	Heart	24669763
9475	Digestive System	24669763
9474	Digestive System	24669763
9473	Brain	24669763
9472	Brain	24669763
9469	Digestive System	24669763
9468	Digestive System	24669763
9467	Digestive System	24669763
9465	Blood Cells	24669763
9463	Blood Cells	24669763
9460	Blood Cells	24669763
9459	Blood Cells	24669763
9457	Blood Cells	24669763
9455	Adrenal Gland	24669763
9531	Testis	24669763
9529	Placenta	24669763
9527	Ovary	24669763
9526	Ovary	24669763
9524	Liver	24669763
9522	Heart	24669763
9520	Digestive System	24669763
9518	Brain	24669763
9510	Eye	24669763
9503	Blood Cells	24669763
9501	Blood Cells	24669763
9496	Blood Cells	24669763
9494	Blood Cells	24669763
9492	Blood Cells	24669763
9491	Blood Cells	24669763
9489	Lung	24669763
9487	Lung	24669763
9486	Liver	24669763
9484	Liver	24669763
9482	Kidney	24669763
9480	Kidney	24669763
9479	Heart	24669763
9477	Heart	24669763
9471	Digestive System	24669763
9470	Digestive System	24669763
9466	Blood Cells	24669763
9464	Blood Cells	24669763
9462	Blood Cells	24669763
9461	Blood Cells	24669763
9458	Blood Cells	24669763
9456	Adrenal Gland	24669763
9454	Adrenal Gland	24669763
7791	Blood Plasma	19782775
8456	Cancer, Breast	25873244
8468	Cancer, Breast	25873244
8483	Cancer, Breast	25873244
8459	Cancer, Breast	25873244
8471	Cancer, Breast	25873244
8463	Cancer, Breast	25873244
8470	Cancer, Breast	25873244
8464	Cancer, Breast	25873244
8489	Cancer, Breast	25873244
8461	Cancer, Breast	25873244
8455	Cancer, Breast	25873244
8460	Cancer, Breast	25873244
8479	Cancer, Breast	25873244
8481	Cancer, Breast	25873244
8478	Cancer, Breast	25873244
8488	Cancer, Breast	25873244
8466	Cancer, Breast	25873244
8480	Cancer, Breast	25873244
8484	Cancer, Breast	25873244
8482	Cancer, Breast	25873244
8458	Cancer, Breast	25873244
8462	Cancer, Breast	25873244
8486	Cancer, Breast	25873244
8490	Cancer, Breast	25873244
8473	Cancer, Breast	25873244
8472	Cancer, Breast	25873244
8476	Cancer, Breast	25873244
8469	Cancer, Breast	25873244
8485	Cancer, Breast	25873244
8487	Cancer, Breast	25873244
8475	Cancer, Breast	25873244
8474	Cancer, Breast	25873244
8457	Cancer, Breast	25873244
8467	Cancer, Breast	25873244
8465	Cancer, Breast	25873244
8477	Cancer, Breast	25873244
9453	Cancer, Breast	25873244
9452	Cancer, Breast	25873244
9451	Cancer, Breast	25873244
9450	Cancer, Breast	25873244
9449	Cancer, Breast	25873244
9448	Cancer, Breast	25873244
9447	Cancer, Breast	25873244
9446	Cancer, Breast	25873244
9445	Cancer, Breast	25873244
9444	Cancer, Breast	25873244
9443	Cancer, Breast	25873244
9442	Cancer, Breast	25873244
9441	Cancer, Breast	25873244
9440	Cancer, Breast	25873244
9439	Cancer, Breast	25873244
9438	Cancer, Breast	25873244
9437	Cancer, Breast	25873244
9436	Cancer, Breast	25873244
9435	Cancer, Breast	25873244
9434	Cancer, Breast	25873244
9433	Cancer, Breast	25873244
9432	Cancer, Breast	25873244
9431	Cancer, Breast	25873244
9430	Cancer, Breast	25873244
9429	Cancer, Breast	25873244
9428	Cancer, Breast	25873244
9427	Cancer, Breast	25873244
9426	Cancer, Breast	25873244
9425	Cancer, Breast	25873244
9424	Cancer, Breast	25873244
9423	Cancer, Breast	25873244
9422	Cancer, Breast	25873244
9421	Cancer, Breast	25873244
9420	Cancer, Breast	25873244
9419	Cancer, Breast	25873244
9418	Cancer, Breast	25873244
9688	Cancer, Digestive System	25043054
9687	Cancer, Digestive System	25043054
9686	Cancer, Digestive System	25043054
9685	Cancer, Digestive System	25043054
9684	Cancer, Digestive System	25043054
9683	Cancer, Digestive System	25043054
9682	Cancer, Digestive System	25043054
9681	Cancer, Digestive System	25043054
9680	Cancer, Digestive System	25043054
9679	Cancer, Digestive System	25043054
9678	Cancer, Digestive System	25043054
9677	Cancer, Digestive System	25043054
9676	Cancer, Digestive System	25043054
9675	Cancer, Digestive System	25043054
9674	Cancer, Digestive System	25043054
9673	Cancer, Digestive System	25043054
9672	Cancer, Digestive System	25043054
9671	Cancer, Digestive System	25043054
9670	Cancer, Digestive System	25043054
9669	Cancer, Digestive System	25043054
9668	Cancer, Digestive System	25043054
9667	Cancer, Digestive System	25043054
9666	Cancer, Digestive System	25043054
9665	Cancer, Digestive System	25043054
9664	Cancer, Digestive System	25043054
9663	Cancer, Digestive System	25043054
9662	Cancer, Digestive System	25043054
9661	Cancer, Digestive System	25043054
9660	Cancer, Digestive System	25043054
9659	Cancer, Digestive System	25043054
9658	Cancer, Digestive System	25043054
9657	Cancer, Digestive System	25043054
9656	Cancer, Digestive System	25043054
9655	Cancer, Digestive System	25043054
9654	Cancer, Digestive System	25043054
9653	Cancer, Digestive System	25043054
9652	Cancer, Digestive System	25043054
9651	Cancer, Digestive System	25043054
9650	Cancer, Digestive System	25043054
9649	Cancer, Digestive System	25043054
9648	Cancer, Digestive System	25043054
9647	Cancer, Digestive System	25043054
9646	Cancer, Digestive System	25043054
9645	Cancer, Digestive System	25043054
9644	Cancer, Digestive System	25043054
9643	Cancer, Digestive System	25043054
9642	Cancer, Digestive System	25043054
9641	Cancer, Digestive System	25043054
9640	Cancer, Digestive System	25043054
9639	Cancer, Digestive System	25043054
9638	Cancer, Digestive System	25043054
9637	Cancer, Digestive System	25043054
9636	Cancer, Digestive System	25043054
9635	Cancer, Digestive System	25043054
9634	Cancer, Digestive System	25043054
9633	Cancer, Digestive System	25043054
9632	Cancer, Digestive System	25043054
9631	Cancer, Digestive System	25043054
9630	Cancer, Digestive System	25043054
9629	Cancer, Digestive System	25043054
9628	Cancer, Digestive System	25043054
9627	Cancer, Digestive System	25043054
9626	Cancer, Digestive System	25043054
9625	Cancer, Digestive System	25043054
9624	Cancer, Digestive System	25043054
9623	Cancer, Digestive System	25043054
9622	Cancer, Digestive System	25043054
9621	Cancer, Digestive System	25043054
9620	Cancer, Digestive System	25043054
9619	Cancer, Digestive System	25043054
9618	Cancer, Digestive System	25043054
9617	Cancer, Digestive System	25043054
9616	Cancer, Digestive System	25043054
9615	Cancer, Digestive System	25043054
9614	Cancer, Digestive System	25043054
9613	Cancer, Digestive System	25043054
9612	Cancer, Digestive System	25043054
9611	Cancer, Digestive System	25043054
9610	Cancer, Digestive System	25043054
9609	Cancer, Digestive System	25043054
9608	Cancer, Digestive System	25043054
9607	Cancer, Digestive System	25043054
9606	Cancer, Digestive System	25043054
9605	Cancer, Digestive System	25043054
9604	Cancer, Digestive System	25043054
9603	Cancer, Digestive System	25043054
9602	Cancer, Digestive System	25043054
9601	Cancer, Digestive System	25043054
9600	Cancer, Digestive System	25043054
9599	Cancer, Digestive System	25043054
9598	Cancer, Digestive System	25043054
9597	Cancer, Digestive System	25043054
9596	Cancer, Digestive System	25043054
9595	Cancer, Digestive System	25043054
9594	Cancer, Digestive System	25043054
8496	Cancer, Ovary	24719451
7622	Cancer, Ovary	24719451
9816	Non Cancer Cell Lines	24138474
9815	Non Cancer Cell Lines	24138474
9814	Non Cancer Cell Lines	24138474
9813	Non Cancer Cell Lines	24138474
9812	Non Cancer Cell Lines	24138474
9811	Non Cancer Cell Lines	24138474
9810	Non Cancer Cell Lines	24138474
9826	Cancer Cell Lines, Blood	24138474
9825	Cancer Cell Lines, Blood	24138474
9824	Cancer Cell Lines, Blood	24138474
9823	Cancer Cell Lines, Breast	24138474
9822	Cancer Cell Lines, Breast	24138474
9821	Cancer Cell Lines, Breast	24138474
9820	Cancer Cell Lines, Breast	24138474
9819	Cancer Cell Lines, Breast	24138474
9817	Cancer Cell Lines, Breast	24138474
9818	Cancer Cell Lines, Breast	24138474
7264	Cancer Cell Lines, Brain	24266786
7263	Other Anatomical Entities	24171499
7262	Cancer Cell Lines, Kidney	23940778
7260	Other Anatomical Entities	24361865
7259	Other Anatomical Entities	
7258	Cancer Cell Lines, Other Anatomical Entities	23242552
7244	Urine	
7243	Urine	23281308
7242	Urine	21127740
7241	Non Cancer Cell Lines	23676674
7240	Non Cancer Cell Lines	23676674
7239	Pancreas	
7238	Other Anatomical Entities	24313378
7237	Other Anatomical Entities	23921659
6778	Urine	20543976
6777	Urine	21500864
6776	Urine	21127740
6775	Urine	
6766	Cancer, Breast	22414580
6743	Cancer, Breast	23153008
6684	Liver	16815949
6683	Liver	16815949
6682	Liver	16815949
6708	Liver	16815949
6663	Liver	16815949
8448	Non Cancer Cell Lines	21983960
8449	Non Cancer Cell Lines	21983960
8450	Non Cancer Cell Lines	21983960
8454	Non Cancer Cell Lines	21983960
6634	Non Cancer Cell Lines	22108792
6632	Non Cancer Cell Lines	22108792
6765	Kidney	
6764	Kidney	
6763	Kidney	
6762	Kidney	
6761	Kidney	
8442	Non Cancer Cell Lines	22496350
8447	Non Cancer Cell Lines	22496350
8446	Non Cancer Cell Lines	22496350
8451	Non Cancer Cell Lines	22496350
8444	Non Cancer Cell Lines	22496350
8445	Cancer Cell Lines, Digestive System	23312004
8443	Cancer Cell Lines, Digestive System	23312004
8452	Cancer Cell Lines, Digestive System	23312004
8453	Cancer Cell Lines, Digestive System	23312004
8441	Cancer, Digestive System	23312004
8440	Cancer, Digestive System	23312004
8438	Cancer Cell Lines, Blood	23186163
8498	Cancer Cell Lines, Blood	23186163
8499	Cancer Cell Lines, Blood	23186163
8439	Cancer Cell Lines, Other Female Reproductive Organ	23186163
8436	Cancer Cell Lines, Other Female Reproductive Organ	23186163
8437	Cancer Cell Lines, Other Female Reproductive Organ	23186163
9790	Non Cancer Cell Lines	
6660	Non Cancer Cell Lines	20363803
6483	Placenta	
6656	Non Cancer Cell Lines	
6467	Blood Cells	
8435	Non Cancer Cell Lines	21983960
8434	Non Cancer Cell Lines	21983960
8431	Non Cancer Cell Lines	21983960
8433	Non Cancer Cell Lines	21983960
6595	Other Anatomical Entities	22188163
6575	Other Respiratory Organ	19357784
6579	Other Respiratory Organ	19357784
6583	Other Respiratory Organ	19357784
6573	Other Respiratory Organ	19357784
6572	Other Respiratory Organ	19357784
6576	Other Respiratory Organ	19357784
6582	Other Respiratory Organ	19357784
6580	Other Respiratory Organ	19357784
6581	Other Respiratory Organ	19357784
6578	Other Respiratory Organ	19357784
6577	Other Respiratory Organ	19357784
6574	Other Respiratory Organ	19357784
6586	Cancer Cell Lines, Other Female Reproductive Organ	21029866
8501	Other Anatomical Entities	22322096
6606	Blood Cells	22424236
6603	Blood Cells	22424236
6058	Non Cancer Cell Lines	21983960
6598	Blood Cells	22424236
6590	Cancer Cell Lines, Other Female Reproductive Organ	21029866
6601	Blood Cells	22424236
6052	Non Cancer Cell Lines	21983960
6602	Blood Cells	22424236
6609	Blood Plasma	22424236
6641	Non Cancer Cell Lines	21586754
6596	Other Anatomical Entities	22188163
6588	Cancer Cell Lines, Other Female Reproductive Organ	21029866
6612	Other Anatomical Entities	20334419
6640	Non Cancer Cell Lines	21586754
6600	Blood Cells	22424236
6608	Blood Cells	22424236
6604	Blood Cells	22424236
6584	Eye	25097467
8432	Other Anatomical Entities	19691289
6057	Non Cancer Cell Lines	21983960
6056	Non Cancer Cell Lines	21983960
6611	Blood Plasma	22424236
6593	Cancer Cell Lines, Other Female Reproductive Organ	21029866
6587	Cancer Cell Lines, Other Female Reproductive Organ	21029866
6599	Blood Cells	22424236
6585	Cancer Cell Lines, Other Female Reproductive Organ	21029866
8507	Cancer Cell Lines, Other Female Reproductive Organ	20860994
6613	Other Anatomical Entities	20939611
6607	Blood Cells	22424236
6592	Cancer Cell Lines, Other Female Reproductive Organ	21029866
6610	Blood Plasma	22424236
6591	Cancer Cell Lines, Other Female Reproductive Organ	21029866
6645	Cancer Cell Lines, Other Female Reproductive Organ	21029866
6605	Blood Cells	22424236
6594	Other Anatomical Entities	22188163
6589	Cancer Cell Lines, Other Female Reproductive Organ	21029866
6648	Cancer, Digestive System	21630462
9877	Blood Plasma	
9876	Blood Plasma	
9875	Blood Plasma	
9874	Blood Plasma	
9873	Blood Plasma	
9872	Blood Plasma	
9871	Blood Plasma	
9870	Blood Plasma	
9869	Blood Plasma	
9868	Blood Plasma	
9867	Blood Plasma	
9866	Blood Plasma	
9865	Blood Plasma	
9864	Blood Plasma	
9863	Blood Plasma	
9862	Blood Plasma	
9861	Blood Plasma	
9860	Blood Plasma	
9859	Blood Plasma	
9858	Blood Plasma	
9857	Blood Plasma	
9856	Blood Plasma	
9855	Blood Plasma	
9854	Blood Plasma	
9853	Blood Plasma	
9852	Blood Plasma	
9851	Blood Plasma	
9850	Blood Plasma	
9849	Blood Plasma	
9848	Blood Plasma	
9847	Blood Plasma	
9846	Blood Plasma	
9845	Blood Plasma	
9844	Blood Plasma	
9843	Blood Plasma	
9842	Blood Plasma	
9841	Blood Plasma	
9840	Blood Plasma	
9839	Blood Plasma	
9838	Blood Plasma	
8430	Cancer Cell Lines, Other Female Reproductive Organ	22167270
6465	Cancer Cell Lines, Other Anatomical Entities	22278370
6463	Cancer Cell Lines, Other Anatomical Entities	22068332
6464	Cancer Cell Lines, Other Anatomical Entities	22068332
6631	Non Cancer Cell Lines	22108792
6627	Non Cancer Cell Lines	22108792
6741	Non Cancer Cell Lines	22108792
6633	Non Cancer Cell Lines	22108792
6629	Non Cancer Cell Lines	22108792
6742	Non Cancer Cell Lines	22108792
9590	Cancer Cell Lines, Other Female Reproductive Organ	22068331
9593	Cancer Cell Lines, Other Female Reproductive Organ	22068331
9589	Cancer Cell Lines, Other Female Reproductive Organ	22068331
9592	Cancer Cell Lines, Other Female Reproductive Organ	22068331
8786	Cancer Cell Lines, Other Female Reproductive Organ	22068331
9591	Cancer Cell Lines, Other Female Reproductive Organ	22068331
8429	Cancer Cell Lines, Other Female Reproductive Organ	21851590
6454	Brain	
6453	Brain	
6452	Brain	
6451	Brain	
6450	Brain	
6449	Brain	
6448	Brain	
6447	Brain	
6446	Brain	
6445	Brain	
6444	Brain	
6443	Brain	
6442	Brain	
6707	Liver	16815949
6706	Liver	16815949
6705	Liver	16815949
6704	Liver	16815949
6703	Liver	16815949
6702	Liver	16815949
6701	Liver	16815949
6700	Liver	16815949
6699	Liver	16815949
6698	Liver	16815949
6697	Liver	16815949
6696	Liver	16815949
6695	Liver	16815949
6694	Liver	16815949
6693	Liver	16815949
6692	Liver	16815949
6691	Liver	16815949
6690	Liver	16815949
6689	Liver	16815949
6688	Liver	16815949
6687	Liver	16815949
6686	Liver	16815949
6685	Liver	16815949
6681	Liver	16815949
6680	Liver	16815949
6679	Liver	16815949
6678	Liver	16815949
6677	Liver	16815949
6676	Liver	16815949
6675	Liver	16815949
6674	Liver	16815949
6673	Liver	16815949
6672	Liver	16815949
6671	Liver	16815949
6670	Liver	16815949
6669	Liver	16815949
6668	Liver	16815949
6667	Liver	16815949
6666	Liver	16815949
6665	Liver	16815949
6664	Liver	16815949
6734	Liver	
6733	Liver	
6732	Liver	
6731	Liver	
6730	Liver	
6729	Liver	
6728	Liver	
6727	Liver	
6726	Liver	
6725	Liver	
6724	Liver	
6723	Liver	
6441	Blood Cells	
6440	Blood Cells	
6658	Blood Cells	
6439	Pancreas	
6438	Ovary	
6437	Lung	
6436	Heart	
6435	Cerebrospinal Fluid	
6434	Breast	
6433	Other Anatomical Entities	
6432	Other Anatomical Entities	
6568	Cancer Cell Lines, Blood	17519225
6567	Cancer Cell Lines, Blood	17519225
6571	Cancer Cell Lines, Blood	17519225
6566	Cancer Cell Lines, Blood	17519225
6565	Cancer Cell Lines, Blood	17519225
6564	Cancer Cell Lines, Blood	17519225
6563	Cancer Cell Lines, Blood	17519225
6562	Cancer Cell Lines, Blood	17519225
6561	Cancer Cell Lines, Blood	17519225
6560	Cancer Cell Lines, Blood	17519225
6559	Cancer Cell Lines, Blood	17519225
6558	Cancer Cell Lines, Blood	17519225
6557	Cancer Cell Lines, Blood	17519225
6556	Cancer Cell Lines, Blood	17519225
6555	Cancer Cell Lines, Blood	17519225
6554	Cancer Cell Lines, Blood	17519225
6553	Cancer Cell Lines, Blood	17519225
6552	Cancer Cell Lines, Blood	17519225
6551	Cancer Cell Lines, Blood	17519225
6550	Cancer Cell Lines, Blood	17519225
6549	Cancer Cell Lines, Blood	17519225
6548	Cancer Cell Lines, Blood	17519225
6570	Cancer Cell Lines, Blood	17519225
6569	Cancer Cell Lines, Blood	17519225
6547	Cancer Cell Lines, Blood	17519225
6546	Cancer Cell Lines, Blood	17519225
6545	Cancer Cell Lines, Blood	17519225
6544	Cancer Cell Lines, Blood	17519225
6543	Cancer Cell Lines, Blood	17519225
6542	Cancer Cell Lines, Blood	17519225
6541	Cancer Cell Lines, Blood	17519225
6540	Cancer Cell Lines, Blood	17519225
6539	Cancer Cell Lines, Blood	17519225
6538	Cancer Cell Lines, Blood	17519225
6537	Cancer Cell Lines, Blood	17519225
6536	Cancer Cell Lines, Blood	17519225
6535	Cancer Cell Lines, Blood	17519225
6534	Cancer Cell Lines, Blood	17519225
6533	Cancer Cell Lines, Blood	17519225
6532	Cancer Cell Lines, Blood	17519225
6531	Cancer Cell Lines, Blood	17519225
6530	Cancer Cell Lines, Blood	17519225
6529	Cancer Cell Lines, Blood	17519225
6528	Cancer Cell Lines, Blood	17519225
6527	Cancer Cell Lines, Blood	17519225
6526	Cancer Cell Lines, Blood	17519225
6525	Cancer Cell Lines, Blood	17519225
6524	Cancer Cell Lines, Blood	17519225
6523	Cancer Cell Lines, Blood	17519225
6522	Cancer Cell Lines, Blood	17519225
6521	Cancer Cell Lines, Blood	17519225
6520	Cancer Cell Lines, Blood	17519225
6519	Cancer Cell Lines, Blood	17519225
6518	Cancer Cell Lines, Blood	17519225
6517	Cancer Cell Lines, Blood	17519225
6516	Cancer Cell Lines, Blood	17519225
6515	Cancer Cell Lines, Blood	17519225
6514	Cancer Cell Lines, Blood	17519225
6513	Cancer Cell Lines, Blood	17519225
6512	Cancer Cell Lines, Blood	17519225
6511	Cancer Cell Lines, Blood	17519225
6510	Cancer Cell Lines, Blood	17519225
6509	Cancer Cell Lines, Blood	17519225
6508	Cancer Cell Lines, Blood	17519225
6507	Cancer Cell Lines, Blood	17519225
6506	Cancer Cell Lines, Blood	17519225
6505	Cancer Cell Lines, Blood	17519225
6504	Cancer Cell Lines, Blood	17519225
6503	Cancer Cell Lines, Blood	17519225
6502	Cancer Cell Lines, Blood	17519225
6501	Cancer Cell Lines, Blood	17519225
6500	Cancer Cell Lines, Blood	17519225
6499	Cancer Cell Lines, Blood	17519225
6498	Cancer Cell Lines, Blood	17519225
6497	Cancer Cell Lines, Blood	17519225
6659	Cancer Cell Lines, Blood	17519225
6431	Brain	
6430	Brain	
6429	Brain	
6428	Brain	
6427	Brain	
6426	Brain	
8500	Other Anatomical Entities	
6753	Urine	
6752	Urine	
6751	Urine	
6750	Urine	
6749	Urine	
6748	Urine	
6482	Blood Plasma	
6481	Blood Plasma	
6480	Blood Plasma	
6479	Blood Plasma	
6478	Blood Plasma	
6477	Blood Plasma	
6476	Blood Plasma	
6475	Blood Plasma	
6474	Blood Plasma	
6473	Blood Plasma	
6747	Urine	
6746	Urine	
6760	Kidney	
6759	Kidney	
6758	Kidney	
6757	Kidney	
6756	Kidney	
6755	Kidney	
6462	Cancer Cell Lines, Other Anatomical Entities	
6472	Blood Plasma	
6471	Blood Plasma	
6470	Blood Plasma	
6469	Blood Plasma	
6468	Blood Plasma	
6651	Placenta	19536202
6718	Liver	
6425	Brain	
6424	Blood Plasma	
6423	Blood Plasma	16684767
6422	Blood Plasma	16684767
6421	Blood Plasma	16684767
6420	Blood Plasma	16684767
6419	Blood Plasma	
6418	Blood Plasma	
6417	Blood Plasma	
6416	Blood Plasma	
6710	Liver	
6715	Liver	
6714	Liver	
6713	Liver	
6712	Liver	
6711	Liver	
6709	Liver	
6721	Liver	
6722	Liver	
6720	Liver	
6719	Liver	
6717	Liver	
6716	Liver	
6415	Urine	
6414	Urine	
6413	Urine	
6412	Urine	
6307	Blood Plasma	
6234	Urine	
6649	Urine	
6650	Urine	
6496	Blood Plasma	
6624	Blood Plasma	
6626	Blood Plasma	
6625	Blood Plasma	
6411	Non Cancer Cell Lines	
6410	Non Cancer Cell Lines	
6409	Non Cancer Cell Lines	
6408	Non Cancer Cell Lines	
6407	Non Cancer Cell Lines	
6406	Non Cancer Cell Lines	
6405	Non Cancer Cell Lines	
6404	Non Cancer Cell Lines	
6403	Non Cancer Cell Lines	
6402	Non Cancer Cell Lines	
6401	Non Cancer Cell Lines	
6400	Non Cancer Cell Lines	
6399	Non Cancer Cell Lines	
6398	Non Cancer Cell Lines	
6397	Non Cancer Cell Lines	
6396	Non Cancer Cell Lines	
6395	Non Cancer Cell Lines	
6394	Non Cancer Cell Lines	
6393	Non Cancer Cell Lines	
6392	Non Cancer Cell Lines	
6391	Non Cancer Cell Lines	
6390	Non Cancer Cell Lines	
6389	Non Cancer Cell Lines	
6388	Blood Plasma	
6387	Blood Plasma	
6386	Blood Plasma	
6385	Blood Plasma	
6384	Blood Plasma	
6383	Blood Plasma	
6382	Blood Plasma	
6381	Blood Plasma	
6380	Blood Plasma	
6379	Blood Plasma	
6378	Blood Plasma	
6377	Blood Plasma	
6376	Blood Plasma	
6375	Blood Plasma	
6374	Blood Plasma	
6373	Blood Plasma	17269739
6372	Blood Plasma	17269739
6371	Blood Plasma	17269739
6370	Blood Plasma	17269739
6369	Blood Plasma	17269739
6368	Blood Plasma	17269739
6367	Blood Plasma	17269739
6366	Blood Plasma	17269739
6365	Other Anatomical Entities	17269739
6364	Blood Cells	
6363	Blood Cells	
6362	Blood Cells	
6361	Blood Cells	
6360	Blood Cells	
6359	Blood Cells	
6358	Blood Cells	
6357	Blood Cells	
6356	Blood Cells	
6355	Blood Cells	
6354	Blood Cells	
6353	Blood Cells	
6352	Blood Cells	
6351	Blood Cells	
6350	Blood Cells	
6349	Blood Cells	
6348	Blood Cells	
6347	Blood Cells	
6346	Blood Cells	
6345	Blood Cells	
6344	Blood Cells	
6343	Blood Cells	
6342	Blood Cells	
6341	Blood Cells	
6340	Blood Cells	
6339	Blood Cells	
6338	Blood Cells	
6337	Blood Cells	
6336	Blood Cells	
6335	Blood Cells	
6334	Blood Cells	
6333	Blood Cells	
6332	Blood Cells	
6331	Blood Cells	
6330	Blood Cells	
6329	Blood Cells	
6328	Blood Cells	
6327	Blood Cells	
6326	Blood Cells	
6325	Blood Cells	
6324	Blood Cells	
6323	Blood Cells	
6322	Blood Cells	
6321	Blood Cells	
6320	Blood Cells	
6319	Blood Cells	
6318	Blood Cells	
6317	Blood Cells	
6316	Blood Cells	
6315	Blood Cells	
6314	Blood Cells	
6313	Other Anatomical Entities	
6312	Other Anatomical Entities	
6311	Eye	
6310	Other Anatomical Entities	
6309	Other Anatomical Entities	
6308	Other Anatomical Entities	
6306	Blood Plasma	
6305	Blood Plasma	
6304	Blood Plasma	
6303	Blood Plasma	
6302	Blood Plasma	
6301	Blood Plasma	
6300	Blood Plasma	
6299	Blood Plasma	
6298	Blood Plasma	
6297	Blood Plasma	
6296	Blood Plasma	
6295	Blood Plasma	
6294	Blood Plasma	
6293	Blood Plasma	
6292	Blood Plasma	
6642	Blood Plasma	
6291	Other Anatomical Entities	
6290	Other Anatomical Entities	
6289	Blood Plasma	15188391
6288	Blood Plasma	15188391
6287	Blood Plasma	15188391
6286	Blood Plasma	15188391
6285	Blood Plasma	15188391
6284	Other Anatomical Entities	15228325
6283	Other Anatomical Entities	15228325
6282	Other Anatomical Entities	15228325
6281	Other Anatomical Entities	15228325
6280	Blood Plasma	15188391
6279	Blood Plasma	15188391
6278	Blood Plasma	15188391
6277	Blood Plasma	15188391
6276	Blood Plasma	15188391
6275	Blood Plasma	15188391
6274	Blood Plasma	15188391
6273	Blood Plasma	15188391
6272	Blood Plasma	15188391
6271	Blood Plasma	15188391
6270	Blood Plasma	15188391
6269	Blood Plasma	15188391
6268	Other Anatomical Entities	
6267	Other Anatomical Entities	
6266	Other Anatomical Entities	
6265	Blood Plasma	
6264	Other Anatomical Entities	
6263	Blood Cells	
6262	Other Anatomical Entities	
6261	Cancer Cell Lines, Digestive System	
6260	Brain	
6259	Brain	
6222	Blood Cells	
6258	Other Anatomical Entities	
6257	Other Anatomical Entities	
6256	Other Anatomical Entities	
6255	Cancer Cell Lines, Other Male Reproductive Organ	14709176
6254	Other Male Reproductive Organ	
6253	Other Anatomical Entities	
6252	Other Anatomical Entities	
6251	Other Anatomical Entities	15085804
6250	Other Anatomical Entities	15085804
6248	Blood Plasma	15188391
6247	Blood Plasma	15188391
6246	Blood Plasma	
6249	Blood Plasma	
6245	Blood Plasma	15188391
6244	Blood Plasma	15188391
6243	Blood Plasma	15188391
6242	Blood Plasma	15188391
6241	Blood Plasma	15188391
6240	Blood Plasma	15188391
6239	Blood Plasma	15188391
6238	Blood Plasma	15188391
6237	Blood Plasma	15188391
6236	Cancer Cell Lines, Blood	
6235	Cancer Cell Lines, Blood	
6233	Blood Plasma	
6232	Blood Plasma	
6231	Blood Plasma	
6230	Blood Plasma	
6228	Other Anatomical Entities	
6227	Other Anatomical Entities	
6226	Other Anatomical Entities	
6225	Other Anatomical Entities	
6224	Other Anatomical Entities	14966291
6229	Blood Plasma	
6223	Cancer Cell Lines, Digestive System	14988394
6221	Other Anatomical Entities	
6219	Other Anatomical Entities	16816363
6218	Other Anatomical Entities	16816363
6220	Blood Cells	
6217	Other Anatomical Entities	16816363
6216	Other Anatomical Entities	16816363
6215	Other Anatomical Entities	16816363
6214	Other Anatomical Entities	16816363
6213	Other Anatomical Entities	
6212	Other Anatomical Entities	
6211	Other Anatomical Entities	12837591
6210	Other Anatomical Entities	
6209	Other Anatomical Entities	
6208	Other Anatomical Entities	
6207	Cancer Cell Lines, Liver	15269248
6206	Cancer Cell Lines, Liver	15287976
6205	Cancer Cell Lines, Liver	15269248
6204	Cancer Cell Lines, Liver	15287976
6203	Cancer Cell Lines, Liver	15287976
6202	Cancer Cell Lines, Liver	15287976
6201	Other Anatomical Entities	
6200	Cancer Cell Lines, Other Male Reproductive Organ	15833837
6199	Cancer Cell Lines, Other Male Reproductive Organ	15833837
6198	Cancer Cell Lines, Other Male Reproductive Organ	15833837
6197	Cancer Cell Lines, Blood	12832459
6196	Cancer Cell Lines, Blood	12832459
6195	Cancer Cell Lines, Blood	12832459
